No, RawRotation, Rotation, CompRotation, ElecCompRotation, Mech_deg, Mech_Comp_deg
0,11342,-5041,9556.5,333.5,69.2443,0
1,11344,-5039,9558.5,332.5,69.2223,0
2,11344,-5040,9557.5,333.5,69.2882,0
3,11169,-5217,9380.5,156.5,65.2448,0
4,11113,-5270,9327.5,103.5,64.2339,0
5,11420,-4963,9637.5,413.5,71.0023,0
6,11850,-4533,10071.5,847.5,80.5396,0
7,12364,-4019,10584.5,1360.5,91.813,0
8,12848,-3535,11068.5,1844.5,102.449,0
9,13370,-3013,11590.5,60.5,113.92,0
10,13969,-2414,12193.5,663.5,127.171,0
11,14479,-1900,12697.5,1167.5,138.291,0
12,14518,-1865,12728.5,1198.5,138.928,0
13,14316,-2067,12525.5,995.5,134.467,0
14,14143,-2240,12353.5,823.5,130.687,0
15,13886,-2497,12095.5,565.5,125.018,0
16,13667,-2715,11882.5,352.5,120.337,0
17,13660,-2722,11875.5,345.5,120.183,0
18,13867,-2510,12087.5,557.5,125.018,0
19,14382,-2001,12596.5,1070.5,136.115,0
20,14769,-1614,12983.5,1456.5,144.598,0
21,15261,-1122,13483.5,1953.5,155.519,0
22,16118,-265,14345.5,509.5,174.462,0
23,517,517,15119.5,1283.5,191.449,0
24,847,847,15447.5,1611.5,198.657,0
25,812,808,15406.5,1570.5,197.756,0
26,709,709,15307.5,1471.5,195.581,0
27,789,793,15391.5,1555.5,197.426,0
28,876,873,15471.5,1635.5,199.206,0
29,780,781,15379.5,1543.5,197.141,0
30,531,526,15124.5,1288.5,191.405,0
31,131,131,14729.5,889.5,182.791,0
32,16268,-115,14482.5,643.5,177.407,0
33,15888,-495,14102.5,261.5,169.012,0
34,15472,-911,13684.5,2154.5,159.937,0
35,15517,-866,13736.5,2206.5,161.079,0
36,15818,-565,14040.5,204.5,167.76,0
37,16091,-292,14309.5,473.5,173.671,0
38,16257,-126,14476.5,640.5,177.341,0
39,16212,-171,14421.5,585.5,176.132,0
40,16045,-338,14259.5,423.5,172.572,0
41,15946,-440,14157.5,321.5,170.243,0
42,15904,-479,14118.5,282.5,169.518,0
43,15945,-438,14159.5,323.5,170.397,0
44,15854,-529,14068.5,232.5,168.287,0
45,15580,-803,13794.5,2261.5,162.288,0
46,15396,-987,13610.5,2078.5,158.266,0
47,15638,-745,13852.5,22.5,163.76,0
48,16155,-228,14369.5,543.5,175.209,0
49,431,431,15029.5,1199.5,189.603,0
50,1028,1028,15626.5,1797.5,202.744,0
51,1672,1679,16277.5,135.5,216.897,0
52,2439,2449,663.5,663.5,233.993,0
53,2998,3005,1219.5,1219.5,246.124,0
54,3219,3218,1432.5,1432.5,250.739,0
55,3140,3142,1356.5,1356.5,249.09,0
56,3089,3090,1304.5,1304.5,247.882,0
57,3273,3279,1493.5,1493.5,252.189,0
58,3661,3664,1878.5,1878.5,260.649,0
59,4213,4213,2427.5,121.5,272.736,0
60,5037,5037,3251.5,957.5,290.953,0
61,5885,5885,4108.5,1802.5,309.523,0
62,6666,6666,4886.5,274.5,326.619,0
63,7180,7180,5397.5,785.5,337.849,0
64,7363,7363,5575.5,963.5,341.76,0
65,7083,7083,5297.5,679.5,335.519,0
66,6887,6888,5102.5,490.5,331.366,0
67,7031,7031,5245.5,636.5,334.575,0
68,7273,7273,5487.5,880.5,339.937,0
69,7490,7492,5706.5,1094.5,344.683,0
70,7464,7464,5674.5,1062.5,343.936,0
71,6978,6978,5185.5,573.5,333.19,0
72,6594,6594,4805.5,193.5,324.839,0
73,6526,6526,4740.5,127.5,323.389,0
74,6448,6446,4660.5,48.5,321.653,0
75,6170,6170,4384.5,2074.5,315.5,0
76,5942,5942,4156.5,1848.5,310.534,0
77,6100,6100,4314.5,2012.5,314.137,0
78,6488,6488,4702.5,95.5,322.686,0
79,6884,6884,5098.5,491.5,331.388,0
80,7287,7287,5504.5,892.5,340.2,0
81,7701,7701,5922.5,1310.5,349.386,0
82,7983,7983,6199.5,1587.5,355.473,0
83,8252,-8131,6474.5,1862.5,1.49432,0
84,8717,-7666,6935.5,17.5,11.625,0
85,9139,-7244,7359.5,441.5,20.9425,0
86,9436,-6947,7655.5,737.5,27.4472,0
87,9612,-6771,7826.5,908.5,31.205,0
88,9549,-6834,7760.5,842.5,29.7546,0
89,9165,-7226,7371.5,453.5,21.0084,0
90,8763,-7620,6977.5,57.5,12.504,0
91,8579,-7804,6793.5,2180.5,8.48248,0
92,8472,-7911,6686.5,2074.5,6.15309,0
93,8538,-7845,6752.5,2142.5,7.64742,0
94,8855,-7528,7069.5,158.5,14.7235,0
95,9253,-7130,7467.5,550.5,23.3378,0
96,9584,-6799,7798.5,885.5,30.6995,0
97,10055,-6328,8269.5,1359.5,41.1159,0
98,10465,-5918,8679.5,1767.5,50.0818,0
99,10891,-5492,9112.5,2194.5,59.4653,0
100,11553,-4830,9774.5,550.5,74.0129,0
101,12100,-4277,10320.5,1096.5,86.0115,0
102,12246,-4138,10459.5,1235.5,89.0441,0
103,12216,-4168,10429.5,1205.5,88.4288,0
104,12182,-4200,10397.5,1173.5,87.6596,0
105,12232,-4146,10451.5,1227.5,88.9562,0
106,12165,-4221,10376.5,1152.5,87.1102,0
107,11658,-4735,9862.5,638.5,75.749,0
108,11159,-5228,9369.5,145.5,65.047,0
109,11028,-5355,9242.5,18.5,62.2781,0
110,10988,-5395,9202.5,2283.5,61.4211,0
111,10922,-5461,9136.5,2218.5,59.9927,0
112,11016,-5367,9230.5,11.5,62.1682,0
113,11421,-4962,9635.5,417.5,71.0902,0
114,11958,-4425,10172.5,957.5,82.9569,0
115,12538,-3845,10752.5,1535.5,95.6586,0
116,13092,-3291,11306.5,2088.5,107.811,0
117,13490,-2893,11705.5,175.5,116.447,0
118,13883,-2500,12102.5,572.5,125.172,0
119,14248,-2135,12467.5,937.5,133.193,0
120,14382,-2001,12596.5,1066.5,136.049,0
121,14455,-1927,12670.5,1140.5,137.654,0
122,14401,-1984,12613.5,1083.5,136.379,0
123,14289,-2094,12503.5,973.5,133.962,0
124,14042,-2341,12256.5,726.5,128.49,0
125,13657,-2726,11871.5,341.5,119.941,0
126,13421,-2962,11635.5,103.5,114.865,0
127,13362,-3021,11576.5,46.5,113.613,0
128,13274,-3109,11485.5,2261.5,111.613,0
129,13079,-3307,11290.5,2066.5,107.328,0
130,13001,-3383,11214.5,1990.5,105.635,0
131,13252,-3127,11470.5,2246.5,111.437,0
132,13722,-2653,11944.5,414.5,121.897,0
133,14389,-1988,12609.5,1079.5,136.445,0
134,14944,-1433,13164.5,1634.5,148.663,0
135,15621,-754,13843.5,7.5,163.694,0
136,113,113,14711.5,875.5,182.769,0
137,840,840,15438.5,1602.5,198.635,0
138,1212,1212,15810.5,1974.5,206.7,0
139,1368,1368,15966.5,2132.5,210.106,0
140,1514,1514,16112.5,2276.5,213.271,0
141,1643,1643,16241.5,99.5,216.105,0
142,1910,1910,124.5,126.5,222.017,0
143,2240,2240,454.5,457.5,229.291,0
144,2451,2451,665.5,674.5,234.059,0
145,2781,2781,999.5,999.5,241.201,0
146,3073,3073,1292.5,1292.5,247.64,0
147,3559,3559,1783.5,1783.5,258.43,0
148,4352,4352,2577.5,271.5,275.878,0
149,5113,5113,3327.5,1025.5,292.448,0
150,5386,5386,3600.5,1295.5,298.381,0
151,5412,5412,3626.5,1320.5,298.931,0
152,5406,5406,3620.5,1313.5,298.777,0
153,5581,5585,3799.5,1493.5,302.842,0
154,6017,6017,4231.5,1931.5,312.357,0
155,6626,6632,4846.5,234.5,325.872,0
156,7430,7430,5644.5,1044.5,343.54,0
157,8256,-8115,6482.5,1879.5,1.8679,0
158,9031,-7352,7255.5,337.5,18.6571,0
159,9488,-6895,7702.5,786.5,28.524,0
160,9600,-6782,7815.5,897.5,30.9633,0
161,9350,-7033,7564.5,644.5,25.4035,0
162,9098,-7287,7310.5,392.5,19.8657,0
163,9025,-7358,7237.5,319.5,18.2615,0
164,8909,-7477,7120.5,202.5,15.6464,0
165,8647,-7736,6857.5,2245.5,9.91088,0
166,8489,-7893,6704.5,2092.5,6.52668,0
167,8798,-7585,7017.5,99.5,13.4269,0
168,9365,-7007,7590.5,672.5,26.2386,0
169,10098,-6285,8318.5,1400.5,42.0168,0
170,10738,-5645,8952.5,2040.5,56.0811,0
171,11260,-5123,9474.5,251.5,67.4423,0
172,11721,-4656,9941.5,717.5,77.8147,0
173,11914,-4472,10125.5,901.5,81.6823,0
174,11816,-4567,10028.5,804.5,79.5947,0
175,11760,-4623,9974.5,748.5,78.3641,0
176,11674,-4709,9888.5,664.5,76.5181,0
177,11443,-4940,9651.5,427.5,71.31,0
178,11197,-5186,9411.5,187.5,66.0359,0
179,11313,-5070,9530.5,306.5,68.651,0
180,11638,-4741,9856.5,632.5,75.8149,0
181,12128,-4255,10342.5,1124.5,86.6268,0
182,12525,-3858,10743.5,1519.5,95.307,0
183,13126,-3257,11350.5,2126.5,108.646,0
184,13999,-2384,12213.5,694.5,127.853,0
185,14758,-1625,12977.5,1447.5,144.4,0
186,15068,-1315,13282.5,1753.5,151.124,0
187,15105,-1278,13317.5,1787.5,151.872,0
188,15150,-1231,13366.5,1836.5,152.97,0
189,15436,-947,13656.5,2126.5,159.321,0
190,16057,-316,14281.5,445.5,173.254,0
191,251,251,14849.5,1016.5,185.582,0
192,567,567,15165.5,1328.5,192.438,0
193,690,690,15289.5,1453.5,195.185,0
194,747,746,15344.5,1508.5,196.394,0
195,924,924,15522.5,1686.5,200.459,0
196,1195,1195,15793.5,1960.5,206.326,0
197,1681,1689,16287.5,145.5,217.314,0
198,2527,2527,741.5,755.5,235.839,0
199,3465,3477,1691.5,1691.5,256.628,0
200,4313,4313,2536.5,230.5,274.977,0
201,4939,4939,3153.5,850.5,288.602,0
202,5095,5092,3306.5,1000.5,291.876,0
203,4681,4681,2888.5,582.5,282.713,0
204,4296,4294,2508.5,202.5,274.362,0
205,4327,4328,2542.5,236.5,275.109,0
206,4463,4463,2678.5,372.5,278.098,0
207,4410,4406,2620.5,314.5,276.757,0
208,4338,4338,2552.5,249.5,275.395,0
209,4449,4449,2663.5,357.5,277.768,0
210,4654,4654,2868.5,566.5,282.361,0
211,5053,5053,3272.5,966.5,291.151,0
212,5299,5299,3515.5,1209.5,296.491,0
213,5680,5680,3900.5,1594.5,304.952,0
214,6413,6413,4627.5,23.5,321.104,0
215,7156,7156,5377.5,765.5,337.409,0
216,7667,7673,5887.5,1275.5,348.617,0
217,7912,7915,6129.5,1517.5,353.935,0
218,8054,8055,6269.5,1657.5,357.055,0
219,8356,-8027,6570.5,1958.5,3.71383,0
220,9038,-7345,7252.5,334.5,18.8988,0
221,9655,-6728,7869.5,955.5,32.2378,0
222,9967,-6416,8181.5,1264.5,39.0282,0
223,10137,-6246,8351.5,1435.5,42.786,0
224,10248,-6135,8462.5,1545.5,45.2033,0
225,10497,-5881,8716.5,1798.5,50.763,0
226,11001,-5382,9215.5,2305.5,61.9045,0
227,11671,-4712,9885.5,668.5,76.606,0
228,12210,-4173,10429.5,1205.5,88.4068,0
229,12672,-3704,10893.5,1669.5,98.6912,0
230,13115,-3262,11335.5,2111.5,108.47,0
231,13398,-2981,11616.5,86.5,114.513,0
232,13698,-2676,11921.5,391.5,121.348,0
233,14097,-2286,12314.5,784.5,129.83,0
234,14387,-1993,12604.5,1074.5,136.247,0
235,14622,-1761,12838.5,1308.5,141.345,0
236,14657,-1726,12871.5,1342.5,142.093,0
237,14685,-1696,12901.5,1371.5,142.752,0
238,14554,-1836,12761.5,1231.5,139.653,0
239,13911,-2472,12125.5,584.5,125.435,0
240,13365,-3023,11569.5,39.5,113.459,0
241,12995,-3388,11204.5,1980.5,105.438,0
242,12667,-3720,10877.5,1653.5,98.1638,0
243,12655,-3728,10869.5,1650.5,98.1858,0
244,12919,-3464,11136.5,1912.5,103.943,0
245,13370,-3013,11590.5,60.5,113.92,0
246,14111,-2272,12337.5,807.5,130.336,0
247,14999,-1374,13223.5,1693.5,149.806,0
248,15792,-582,14015.5,179.5,167.452,0
249,16279,-104,14493.5,657.5,177.759,0
250,85,85,14683.5,849.5,181.912,0
251,55,55,14653.5,813.5,181.121,0
252,33,33,14631.5,798.5,180.791,0
253,281,281,14879.5,1047.5,186.263,0
254,544,544,15142.5,1309.5,192.021,0
255,869,869,15467.5,1637.5,199.228,0
256,1277,1277,15875.5,2045.5,208.194,0
257,1889,1889,115.5,115.5,221.775,0
258,2746,2746,970.5,970.5,240.564,0
259,3634,3634,1859.5,1859.5,260.1,0
260,4427,4435,2649.5,343.5,277.636,0
261,5032,5039,3253.5,947.5,290.734,0
262,5232,5230,3444.5,1138.5,294.887,0
263,4994,4990,3204.5,898.5,289.547,0
264,4621,4618,2832.5,526.5,281.438,0
265,4482,4481,2695.5,389.5,278.471,0
266,4419,4419,2633.5,327.5,277.153,0
267,4257,4257,2471.5,165.5,273.505,0
268,4179,4179,2393.5,87.5,271.945,0
269,4382,4382,2596.5,290.5,276.362,0
270,4777,4777,2991.5,685.5,285.13,0
271,5285,5285,3499.5,1193.5,296.25,0
272,5700,5700,3914.5,1608.5,305.325,0
273,6271,6271,4485.5,2188.5,318.005,0
274,6976,6976,5190.5,587.5,333.498,0
275,7571,7571,5791.5,1179.5,346.507,0
276,7698,7698,5905.5,1293.5,349.012,0
277,7488,7487,5701.5,1089.5,344.529,0
278,7276,7275,5489.5,877.5,339.827,0
279,7049,7047,5261.5,649.5,334.794,0
280,6835,6831,5045.5,433.5,330.092,0
281,6618,6618,4832.5,220.5,325.367,0
282,6539,6539,4753.5,141.5,323.697,0
283,6646,6646,4860.5,248.5,326.07,0
284,6723,6723,4937.5,327.5,327.784,0
285,6568,6568,4782.5,165.5,324.224,0
286,6372,6372,4586.5,2280.5,320.027,0
287,6413,6414,4628.5,16.5,320.95,0
288,6576,6579,4793.5,181.5,324.576,0
289,6874,6878,5092.5,480.5,331.146,0
290,7184,7185,5399.5,787.5,337.893,0
291,7484,7488,5702.5,1090.5,344.551,0
292,7526,7523,5737.5,1125.5,345.32,0
293,7107,7099,5313.5,701.5,335.871,0
294,6765,6768,4982.5,370.5,328.729,0
295,6764,6764,4978.5,368.5,328.685,0
296,6800,6800,5014.5,402.5,329.432,0
297,6644,6644,4851.5,239.5,325.85,0
298,6457,6457,4669.5,57.5,321.851,0
299,6494,6494,4708.5,96.5,322.708,0
300,6684,6688,4902.5,290.5,326.971,0
301,7088,7093,5307.5,695.5,335.871,0
302,7510,7516,5730.5,1118.5,345.255,0
303,7971,7977,6191.5,1579.5,355.473,0
304,8627,-7748,6849.5,2237.5,9.9768,0
305,9387,-6987,7610.5,692.5,26.6121,0
306,9985,-6392,8205.5,1287.5,39.6435,0
307,10471,-5912,8685.5,1773.5,50.2136,0
308,10838,-5545,9052.5,2140.5,58.2786,0
309,11100,-5283,9314.5,91.5,63.9263,0
310,11473,-4910,9687.5,469.5,72.2329,0
311,11797,-4586,10011.5,788.5,79.2431,0
312,11865,-4518,10079.5,858.5,80.7813,0
313,11909,-4474,10123.5,899.5,81.6823,0
314,11839,-4545,10052.5,828.5,80.1001,0
315,11577,-4813,9784.5,560.5,74.0789,0
316,11248,-5135,9462.5,235.5,67.0907,0
317,11230,-5154,9443.5,219.5,66.7611,0
318,11523,-4860,9737.5,519.5,73.3317,0
319,12001,-4379,10218.5,996.5,83.8139,0
320,12377,-4006,10591.5,1372.5,92.0767,0
321,12935,-3438,11159.5,1935.5,104.449,0
322,13838,-2545,12066.5,536.5,124.38,0
323,14675,-1708,12889.5,1367.5,142.642,0
324,14999,-1384,13215.5,1685.5,149.63,0
325,15030,-1353,13244.5,1714.5,150.267,0
326,15037,-1346,13251.5,1721.5,150.421,0
327,15252,-1131,13466.5,1942.5,155.278,0
328,15862,-521,14076.5,249.5,168.749,0
329,109,109,14707.5,875.5,182.483,0
330,567,567,15165.5,1334.5,192.57,0
331,886,886,15484.5,1652.5,199.558,0
332,1063,1063,15661.5,1828.5,203.426,0
333,1347,1347,15945.5,2114.5,209.711,0
334,1970,1970,184.5,197.5,223.577,0
335,2571,2571,785.5,790.5,236.608,0
336,2847,2847,1063.5,1063.5,242.608,0
337,3038,3038,1252.5,1252.5,246.761,0
338,3240,3240,1455.5,1455.5,251.222,0
339,3581,3581,1802.5,1802.5,258.848,0
340,4212,4212,2437.5,131.5,272.802,0
341,4897,4904,3118.5,812.5,287.767,0
342,5202,5203,3417.5,1111.5,294.404,0
343,5312,5313,3527.5,1221.5,296.733,0
344,5364,5363,3577.5,1271.5,297.854,0
345,5577,5577,3791.5,1491.5,302.688,0
346,6044,6044,4266.5,1960.5,312.995,0
347,6680,6680,4900.5,288.5,326.927,0
348,7476,7488,5702.5,1090.5,344.551,0
349,8261,-8113,6484.5,1872.5,1.71408,0
350,8994,-7389,7208.5,301.5,17.866,0
351,9408,-6975,7622.5,705.5,26.744,0
352,9496,-6887,7710.5,792.5,28.6558,0
353,9282,-7101,7496.5,570.5,23.7773,0
354,9047,-7336,7261.5,345.5,18.8329,0
355,8998,-7385,7212.5,293.5,17.6901,0
356,8923,-7460,7139.5,221.5,16.1079,0
357,8699,-7684,6906.5,2294.5,10.9877,0
358,8534,-7849,6748.5,2136.5,7.51557,0
359,8803,-7580,7019.5,101.5,13.4709,0
360,9315,-7068,7537.5,619.5,24.8541,0
361,9984,-6399,8205.5,1287.5,39.5336,0
362,10588,-5795,8808.5,1890.5,52.7848,0
363,11133,-5250,9351.5,127.5,64.7174,0
364,11746,-4637,9968.5,744.5,78.2762,0
365,12112,-4271,10326.5,1102.5,86.2093,0
366,12119,-4264,10333.5,1108.5,86.2752,0
367,12026,-4357,10240.5,1016.5,84.2534,0
368,11926,-4457,10140.5,915.5,82.0339,0
369,11704,-4679,9915.5,691.5,77.1115,0
370,11370,-5013,9581.5,357.5,69.7717,0
371,11175,-5208,9388.5,164.5,65.5305,0
372,11292,-5091,9511.5,287.5,68.2334,0
373,11650,-4733,9871.5,647.5,76.1445,0
374,11927,-4456,10142.5,918.5,82.0999,0
375,12052,-4332,10265.5,1041.5,84.8028,0
376,11915,-4472,10125.5,901.5,81.6384,0
377,11330,-5053,9544.5,320.5,68.8048,0
378,10806,-5577,9020.5,2102.5,57.3117,0
379,10391,-5992,8605.5,1687.5,48.1699,0
380,9979,-6404,8193.5,1275.5,39.1381,0
381,9731,-6652,7945.5,1027.5,33.7981,0
382,9472,-6911,7686.5,768.5,28.0186,0
383,8924,-7459,7138.5,220.5,15.8882,0
384,8361,-8022,6575.5,1963.5,3.56,0
385,7904,7904,6118.5,1501.5,353.583,0
386,7456,7456,5670.5,1052.5,343.716,0
387,6990,6990,5204.5,586.5,333.476,0
388,6590,6590,4804.5,189.5,324.752,0
389,6391,6391,4605.5,2296.5,320.378,0
390,6265,6265,4479.5,2171.5,317.632,0
391,6157,6157,4371.5,2065.5,315.302,0
392,6067,6067,4281.5,1973.5,313.28,0
393,6075,6075,4289.5,1987.5,313.588,0
394,6328,6328,4547.5,2241.5,319.17,0
395,6725,6725,4945.5,333.5,327.916,0
396,7263,7263,5485.5,873.5,339.783,0
397,7910,7916,6130.5,1518.5,354.133,0
398,8455,-7928,6669.5,2057.5,5.95532,0
399,8908,-7475,7122.5,204.5,15.7563,0
400,9248,-7130,7467.5,549.5,23.4257,0
401,9410,-6973,7624.5,706.5,26.766,0
402,9490,-6892,7705.5,787.5,28.6119,0
403,9739,-6644,7957.5,1039.5,34.0838,0
404,9999,-6384,8213.5,1299.5,39.7973,0
405,10406,-5970,8627.5,1709.5,48.9391,0
406,11055,-5328,9279.5,55.5,63.1351,0
407,11818,-4565,10032.5,814.5,79.8144,0
408,12287,-4092,10505.5,1281.5,90.1428,0
409,12636,-3743,10854.5,1630.5,97.8562,0
410,12986,-3397,11200.5,1981.5,105.46,0
411,13303,-3080,11516.5,2292.5,112.294,0
412,13674,-2709,11894.5,364.5,120.601,0
413,14135,-2248,12355.5,825.5,130.731,0
414,14443,-1934,12663.5,1133.5,137.566,0
415,14637,-1746,12851.5,1321.5,141.631,0
416,14631,-1752,12845.5,1315.5,141.521,0
417,14603,-1780,12817.5,1286.5,140.862,0
418,14356,-2027,12570.5,1032.5,135.28,0
419,13671,-2712,11885.5,345.5,120.183,0
420,13026,-3357,11240.5,2008.5,106.053,0
421,12421,-3962,10635.5,1403.5,92.7579,0
422,11920,-4463,10134.5,905.5,81.8142,0
423,11307,-5076,9521.5,285.5,68.1895,0
424,10775,-5608,8986.5,2068.5,56.6964,0
425,10752,-5628,8969.5,2051.5,56.4327,0
426,10989,-5391,9206.5,2288.5,61.6408,0
427,11262,-5116,9481.5,257.5,67.5742,0
428,11539,-4844,9753.5,529.5,73.5515,0
429,11570,-4813,9784.5,560.5,74.2327,0
430,11447,-4936,9661.5,436.5,71.5078,0
431,11324,-5059,9538.5,310.5,68.7389,0
432,11367,-5016,9581.5,357.5,69.7717,0
433,11638,-4745,9852.5,630.5,75.771,0
434,11844,-4539,10058.5,834.5,80.2539,0
435,11823,-4560,10036.5,812.5,79.7705,0
436,11563,-4820,9771.5,547.5,73.947,0
437,11202,-5181,9411.5,187.5,66.0359,0
438,11040,-5343,9254.5,31.5,62.6077,0
439,11100,-5283,9318.5,94.5,63.9922,0
440,11231,-5154,9443.5,219.5,66.871,0
441,11245,-5140,9457.5,233.5,67.0248,0
442,11316,-5065,9532.5,308.5,68.8048,0
443,11527,-4856,9741.5,517.5,73.2438,0
444,11748,-4635,9962.5,745.5,78.2981,0
445,12092,-4291,10306.5,1084.5,85.7478,0
446,12334,-4049,10548.5,1326.5,91.0658,0
447,12763,-3620,10977.5,1759.5,100.581,0
448,13503,-2880,11717.5,195.5,116.887,0
449,14283,-2100,12503.5,973.5,133.984,0
450,14710,-1673,12925.5,1395.5,143.257,0
451,14861,-1522,13074.5,1544.5,146.532,0
452,14964,-1419,13176.5,1646.5,148.773,0
453,15255,-1123,13474.5,1944.5,155.519,0
454,15945,-438,14159.5,337.5,170.682,0
455,224,224,14827.5,991.5,185.032,0
456,619,619,15217.5,1385.5,193.691,0
457,818,818,15416.5,1582.5,198.02,0
458,883,883,15483.5,1647.5,199.448,0
459,993,993,15591.5,1759.5,201.909,0
460,1252,1252,15851.5,2015.5,207.535,0
461,1753,1753,16351.5,218.5,218.721,0
462,2578,2578,803.5,803.5,236.894,0
463,3491,3491,1718.5,1718.5,257.002,0
464,4310,4320,2534.5,228.5,274.933,0
465,4910,4916,3130.5,824.5,288.031,0
466,5052,5050,3264.5,958.5,290.975,0
467,4638,4628,2842.5,536.5,281.46,0
468,4257,4257,2471.5,165.5,273.549,0
469,4284,4285,2499.5,193.5,274.142,0
470,4417,4419,2633.5,327.5,277.175,0
471,4394,4389,2603.5,297.5,276.384,0
472,4353,4359,2573.5,267.5,275.856,0
473,4468,4466,2680.5,374.5,278.12,0
474,4651,4651,2865.5,561.5,282.251,0
475,5030,5030,3245.5,939.5,290.558,0
476,5252,5252,3466.5,1160.5,295.414,0
477,5568,5568,3790.5,1484.5,302.534,0
478,6126,6126,4348.5,2042.5,314.797,0
479,6812,6812,5034.5,422.5,329.872,0
480,7570,7570,5792.5,1180.5,346.529,0
481,8237,-8139,6458.5,1846.5,1.36247,0
482,8861,-7514,7083.5,165.5,15.0311,0
483,9183,-7200,7397.5,476.5,21.7116,0
484,9167,-7216,7381.5,464.5,21.4479,0
485,8995,-7394,7203.5,285.5,17.4484,0
486,8863,-7520,7077.5,160.5,14.7674,0
487,8941,-7442,7155.5,238.5,16.4815,0
488,8961,-7421,7176.5,258.5,16.899,0
489,8751,-7632,6960.5,42.5,12.1743,0
490,8572,-7811,6786.5,2171.5,8.2847,0
491,8793,-7584,7013.5,100.5,13.4489,0
492,9269,-7107,7490.5,578.5,23.9531,0
493,9904,-6473,8124.5,1206.5,37.8855,0
494,10484,-5899,8707.5,1789.5,50.5653,0
495,11051,-5325,9272.5,48.5,62.9813,0
496,11746,-4630,9967.5,743.5,78.43,0
497,12225,-4156,10441.5,1217.5,88.7584,0
498,12320,-4063,10534.5,1310.5,90.7142,0
499,12240,-4143,10454.5,1229.5,88.9342,0
500,12186,-4197,10400.5,1172.5,87.6816,0
501,12224,-4159,10438.5,1218.5,88.6925,0
502,12144,-4239,10358.5,1127.5,86.6927,0
503,11612,-4771,9819.5,595.5,75.0018,0
504,11107,-5276,9319.5,95.5,64.0142,0
505,10941,-5442,9154.5,2236.5,60.3882,0
506,10833,-5550,9044.5,2126.5,57.9709,0
507,10787,-5595,9002.5,2084.5,57.048,0
508,10981,-5397,9200.5,2282.5,61.487,0
509,11466,-4917,9680.5,463.5,72.1011,0
510,12038,-4345,10252.5,1037.5,84.7149,0
511,12628,-3755,10842.5,1626.5,97.6584,0
512,13180,-3203,11400.5,2176.5,109.745,0
513,13525,-2856,11741.5,211.5,117.238,0
514,13847,-2530,12067.5,537.5,124.402,0
515,14176,-2204,12393.5,863.5,131.566,0
516,14330,-2051,12546.5,1016.5,134.951,0
517,14484,-1900,12697.5,1167.5,138.269,0
518,14473,-1910,12687.5,1157.5,138.005,0
519,14380,-2004,12593.5,1063.5,135.939,0
520,14119,-2268,12329.5,799.5,130.072,0
521,13636,-2756,11841.5,311.5,119.282,0
522,13246,-3137,11460.5,2233.5,110.997,0
523,12920,-3463,11130.5,1906.5,103.812,0
524,12651,-3732,10862.5,1638.5,97.9221,0
525,12689,-3694,10908.5,1684.5,98.933,0
526,13009,-3374,11227.5,2003.5,105.943,0
527,13514,-2869,11734.5,204.5,117.085,0
528,14295,-2088,12520.5,990.5,134.357,0
529,15164,-1219,13386.5,1856.5,153.388,0
530,15959,-424,14183.5,347.5,170.902,0
531,53,53,14654.5,818.5,181.231,0
532,236,236,14834.5,998.5,185.186,0
533,161,158,14756.5,920.5,183.472,0
534,94,95,14693.5,857.5,182.154,0
535,279,282,14880.5,1044.5,186.197,0
536,494,497,15095.5,1259.5,191.01,0
537,745,750,15348.5,1512.5,196.547,0
538,957,957,15555.5,1719.5,201.074,0
539,1065,1068,15666.5,1830.5,203.536,0
540,1126,1123,15721.5,1885.5,204.7,0
541,986,983,15581.5,1745.5,201.58,0
542,803,803,15401.5,1564.5,197.624,0
543,778,778,15376.5,1544.5,197.185,0
544,781,780,15378.5,1542.5,197.053,0
545,552,548,15146.5,1310.5,191.999,0
546,212,208,14806.5,970.5,184.505,0
547,15,12,14610.5,774.5,180.22,0
548,16320,-63,14534.5,698.5,178.616,0
549,16130,-255,14342.5,506.5,174.308,0
550,15868,-519,14078.5,242.5,168.551,0
551,15814,-569,14028.5,192.5,167.474,0
552,15925,-458,14139.5,307.5,170.023,0
553,16091,-292,14305.5,470.5,173.605,0
554,16150,-233,14364.5,529.5,174.902,0
555,15950,-433,14164.5,322.5,170.353,0
556,15677,-706,13891.5,55.5,164.485,0
557,15761,-622,13976.5,140.5,166.353,0
558,16050,-333,14268.5,432.5,172.77,0
559,66,66,14667.5,831.5,181.516,0
560,472,472,15075.5,1239.5,190.482,0
561,959,959,15565.5,1729.5,201.25,0
562,1627,1627,16238.5,96.5,216.04,0
563,2406,2406,626.5,626.5,233.005,0
564,2950,2950,1170.5,1170.5,244.959,0
565,3386,3392,1606.5,1606.5,254.65,0
566,3744,3747,1961.5,1961.5,262.429,0
567,3973,3974,2188.5,2188.5,267.418,0
568,4294,4300,2514.5,208.5,274.648,0
569,4712,4712,2930.5,624.5,283.636,0
570,4982,4982,3199.5,893.5,289.547,0
571,5164,5164,3378.5,1074.5,293.525,0
572,5211,5211,3425.5,1122.5,294.579,0
573,5311,5311,3525.5,1222.5,296.777,0
574,5346,5346,3560.5,1254.5,297.37,0
575,5065,5065,3279.5,969.5,291.217,0
576,4655,4652,2866.5,556.5,282.141,0
577,4450,4450,2664.5,358.5,277.724,0
578,4348,4348,2563.5,257.5,275.571,0
579,4191,4187,2401.5,95.5,271.945,0
580,4112,4112,2326.5,20.5,270.45,0
581,4338,4338,2552.5,248.5,275.373,0
582,4786,4786,3000.5,702.5,285.35,0
583,5345,5345,3559.5,1261.5,297.634,0
584,5832,5832,4046.5,1747.5,308.314,0
585,6378,6378,4592.5,2292.5,320.291,0
586,6948,6948,5162.5,559.5,332.882,0
587,7420,7420,5634.5,1026.5,343.145,0
588,7513,7513,5727.5,1115.5,345.101,0
589,7430,7430,5644.5,1032.5,343.277,0
590,7339,7339,5552.5,940.5,341.255,0
591,7232,7232,5443.5,831.5,338.86,0
592,7036,7035,5249.5,637.5,334.553,0
593,6717,6717,4931.5,314.5,327.498,0
594,6504,6504,4718.5,107.5,322.95,0
595,6494,6494,4709.5,97.5,322.73,0
596,6448,6448,4660.5,48.5,321.653,0
597,6197,6197,4411.5,2099.5,316.049,0
598,5984,5984,4198.5,1891.5,311.478,0
599,6173,6180,4394.5,2088.5,315.917,0
600,6620,6620,4834.5,226.5,325.565,0
601,7169,7169,5391.5,779.5,337.717,0
602,7704,7704,5925.5,1313.5,349.452,0
603,8307,-8076,6532.5,1920.5,2.76889,0
604,9256,-7127,7484.5,566.5,23.6894,0
605,10086,-6289,8308.5,1390.5,42.0388,0
606,10509,-5871,8726.5,1808.5,50.9828,0
607,10571,-5813,8784.5,1866.5,52.2574,0
608,10542,-5844,8753.5,1835.5,51.5761,0
609,10603,-5780,8817.5,1902.5,53.0485,0
610,10913,-5470,9127.5,2215.5,59.9267,0
611,11474,-4909,9691.5,467.5,72.189,0
612,12120,-4263,10343.5,1119.5,86.5169,0
613,12756,-3627,10977.5,1753.5,100.449,0
614,13337,-3046,11557.5,27.5,113.195,0
615,13650,-2732,11865.5,335.5,119.963,0
616,13877,-2503,12094.5,564.5,124.996,0
617,14104,-2278,12319.5,789.5,129.94,0
618,14237,-2141,12456.5,926.5,132.951,0
619,14454,-1926,12671.5,1141.5,137.675,0
620,14521,-1864,12733.5,1203.5,139.06,0
621,14475,-1908,12689.5,1159.5,138.071,0
622,14212,-2171,12417.5,887.5,132.094,0
623,13627,-2756,11834.5,304.5,119.282,0
624,13105,-3278,11314.5,2090.5,107.855,0
625,12619,-3764,10826.5,1602.5,97.131,0
626,12251,-4132,10463.5,1239.5,89.1539,0
627,12020,-4363,10230.5,1006.5,84.0337,0
628,11662,-4721,9869.5,645.5,76.1006,0
629,11096,-5287,9303.5,79.5,63.6626,0
630,10636,-5747,8845.5,1927.5,53.5979,0
631,10136,-6254,8343.5,1425.5,42.4344,0
632,9676,-6707,7890.5,972.5,32.5455,0
633,9244,-7139,7458.5,540.5,22.9862,0
634,8777,-7606,6991.5,73.5,12.7677,0
635,8642,-7741,6856.5,2244.5,9.8889,0
636,8709,-7674,6923.5,5.5,11.3832,0
637,8803,-7580,7017.5,99.5,13.4489,0
638,8828,-7555,7042.5,124.5,13.9763,0
639,8670,-7713,6884.5,2268.5,10.4163,0
640,8589,-7794,6803.5,2192.5,8.74618,0
641,8875,-7508,7092.5,174.5,15.0751,0
642,9366,-7017,7588.5,670.5,25.9749,0
643,10014,-6369,8236.5,1318.5,40.2149,0
644,10594,-5789,8815.5,1897.5,52.9386,0
645,11117,-5259,9338.5,114.5,64.4317,0
646,11720,-4657,9940.5,716.5,77.6608,0
647,12093,-4290,10307.5,1083.5,85.7258,0
648,12105,-4276,10321.5,1097.5,86.0335,0
649,12029,-4353,10244.5,1020.5,84.2974,0
650,11943,-4440,10157.5,932.5,82.4075,0
651,11754,-4634,9963.5,739.5,78.0564,0
652,11419,-4964,9633.5,405.5,70.8265,0
653,11166,-5220,9377.5,153.5,65.2668,0
654,11202,-5181,9420.5,196.5,66.2337,0
655,11502,-4881,9716.5,495.5,72.8043,0
656,11741,-4640,9957.5,733.5,78.0784,0
657,11759,-4624,9973.5,749.5,78.386,0
658,11544,-4841,9756.5,532.5,73.5734,0
659,11250,-5133,9462.5,238.5,67.1566,0
660,11159,-5224,9376.5,152.5,65.2668,0
661,11371,-5009,9588.5,364.5,69.9255,0
662,11545,-4838,9759.5,536.5,73.7053,0
663,11489,-4894,9699.5,475.5,72.3648,0
664,11324,-5059,9538.5,314.5,68.8268,0
665,11323,-5060,9536.5,312.5,68.7828,0
666,11503,-4880,9722.5,498.5,72.8702,0
667,11885,-4498,10101.5,877.5,81.1989,0
668,12141,-4239,10358.5,1134.5,86.8465,0
669,12444,-3933,10664.5,1440.5,93.7028,0
670,12837,-3541,11056.5,1832.5,102.251,0
671,13364,-3019,11578.5,48.5,113.854,0
672,14185,-2198,12399.5,869.5,131.918,0
673,15123,-1260,13337.5,1818.5,152.553,0
674,15979,-404,14193.5,366.5,171.32,0
675,140,140,14738.5,907.5,183.186,0
676,370,370,14968.5,1135.5,188.197,0
677,233,233,14828.5,992.5,185.054,0
678,96,96,14695.5,859.5,182.132,0
679,214,214,14815.5,979.5,184.769,0
680,406,408,15006.5,1170.5,188.966,0
681,630,635,15233.5,1397.5,194.02,0
682,735,732,15330.5,1494.5,196.108,0
683,573,571,15169.5,1333.5,192.482,0
684,264,261,14859.5,1023.5,185.626,0
685,49,48,14646.5,810.5,181.099,0
686,16350,-34,14563.5,727.5,179.297,0
687,16177,-211,14386.5,550.5,175.209,0
688,15921,-461,14136.5,300.5,169.825,0
689,15827,-556,14041.5,204.5,167.76,0
690,15868,-515,14082.5,246.5,168.683,0
691,15959,-424,14170.5,334.5,170.617,0
692,15897,-486,14109.5,273.5,169.276,0
693,15604,-779,13816.5,2286.5,162.837,0
694,15380,-1003,13594.5,2064.5,157.959,0
695,15608,-775,13827.5,2297.5,163.079,0
696,16107,-276,14329.5,493.5,174.111,0
697,354,354,14961.5,1125.5,187.977,0
698,941,941,15546.5,1710.5,200.833,0
699,1582,1582,16190.5,48.5,214.985,0
700,2431,2439,653.5,653.5,233.84,0
701,3096,3103,1317.5,1317.5,248.343,0
702,3445,3445,1659.5,1659.5,255.727,0
703,3515,3516,1730.5,1730.5,257.287,0
704,3520,3519,1733.5,1733.5,257.287,0
705,3607,3607,1821.5,1821.5,259.265,0
706,3897,3897,2111.5,2115.5,265.726,0
707,4405,4405,2619.5,320.5,276.955,0
708,5059,5059,3273.5,977.5,291.393,0
709,5694,5694,3908.5,1609.5,305.281,0
710,6302,6302,4524.5,2218.5,318.664,0
711,6619,6619,4832.5,220.5,325.433,0
712,6807,6807,5028.5,416.5,329.74,0
713,6959,6959,5173.5,561.5,332.926,0
714,7159,7164,5378.5,766.5,337.431,0
715,7563,7567,5781.5,1169.5,346.375,0
716,7831,7834,6048.5,1436.5,352.177,0
717,8175,8180,6394.5,1782.5,359.89,0
718,8873,-7499,7098.5,180.5,15.4706,0
719,9587,-6796,7801.5,883.5,30.7874,0
720,10001,-6382,8215.5,1304.5,39.9072,0
721,10263,-6120,8477.5,1561.5,45.5549,0
722,10435,-5948,8649.5,1731.5,49.2907,0
723,10646,-5737,8865.5,1947.5,54.0374,0
724,11132,-5251,9354.5,130.5,64.7833,0
725,11754,-4629,9973.5,749.5,78.386,0
726,12156,-4227,10373.5,1149.5,87.1762,0
727,12463,-3920,10681.5,1457.5,93.9446,0
728,12786,-3597,11008.5,1784.5,101.131,0
729,13225,-3153,11444.5,2220.5,110.822,0
730,13820,-2553,12044.5,514.5,124.139,0
731,14401,-1980,12617.5,1087.5,136.533,0
732,14555,-1828,12769.5,1239.5,139.829,0
733,14425,-1958,12639.5,1107.5,136.928,0
734,14262,-2121,12476.5,943.5,133.324,0
735,14043,-2340,12252.5,722.5,128.468,0
736,13811,-2572,12025.5,495.5,123.479,0
737,13704,-2681,11916.5,386.5,121.04,0
738,13786,-2597,12006.5,476.5,123.062,0
739,14189,-2194,12403.5,877.5,131.874,0
740,14549,-1831,12766.5,1239.5,139.829,0
741,14886,-1491,13106.5,1576.5,147.389,0
742,15335,-1048,13549.5,2024.5,157.08,0
743,15984,-394,14203.5,367.5,171.561,0
744,461,461,15072.5,1236.5,190.416,0
745,1317,1317,15926.5,2090.5,209.183,0
746,2103,2115,329.5,329.5,226.698,0
747,2674,2674,888.5,892.5,238.85,0
748,2898,2898,1112.5,1112.5,243.685,0
749,2827,2827,1039.5,1039.5,242.08,0
750,2613,2613,823.5,823.5,237.334,0
751,2421,2420,634.5,634.5,233.092,0
752,2274,2276,490.5,490.5,229.972,0
753,1926,1917,131.5,131.5,221.973,0
754,1578,1577,16175.5,33.5,214.633,0
755,1721,1724,16322.5,180.5,217.951,0
756,2171,2179,393.5,393.5,228.06,0
757,2777,2783,997.5,997.5,241.311,0
758,3349,3349,1563.5,1569.5,253.727,0
759,3973,3973,2187.5,2191.5,267.396,0
760,4729,4729,2952.5,646.5,284.119,0
761,5301,5301,3520.5,1214.5,296.601,0
762,5458,5458,3673.5,1367.5,299.963,0
763,5373,5373,3588.5,1282.5,298.095,0
764,5331,5331,3545.5,1239.5,297.216,0
765,5482,5488,3702.5,1396.5,300.711,0
766,5789,5794,4008.5,1702.5,307.369,0
767,6291,6300,4514.5,2208.5,318.686,0
768,7075,7089,5303.5,691.5,336.069,0
769,8033,8033,6247.5,1647.5,356.792,0
770,8877,-7506,7091.5,186.5,15.3388,0
771,9412,-6971,7626.5,710.5,26.8539,0
772,9578,-6805,7792.5,874.5,30.4578,0
773,9400,-6983,7614.5,690.5,26.4144,0
774,9212,-7171,7426.5,509.5,22.4368,0
775,9232,-7151,7446.5,529.5,22.8763,0
776,9186,-7197,7400.5,482.5,21.8435,0
777,8876,-7507,7090.5,165.5,14.8773,0
778,8534,-7849,6747.5,2135.5,7.49359,0
779,8684,-7699,6901.5,2289.5,10.8778,0
780,9118,-7265,7340.5,422.5,20.525,0
781,9682,-6701,7903.5,985.5,32.8971,0
782,10220,-6163,8440.5,1522.5,44.6978,0
783,10854,-5529,9077.5,2159.5,58.6961,0
784,11738,-4645,9963.5,739.5,78.1663,0
785,12471,-3907,10690.5,1466.5,94.3401,0
786,12897,-3483,11114.5,1890.5,103.482,0
787,13070,-3313,11284.5,2060.5,107.218,0
788,13143,-3240,11357.5,2131.5,108.756,0
789,13102,-3281,11316.5,2090.5,107.855,0
790,13180,-3203,11394.5,2173.5,109.679,0
791,13477,-2906,11694.5,164.5,116.206,0
792,14033,-2339,12258.5,728.5,128.6,0
793,14795,-1581,13016.5,1486.5,145.257,0
794,15440,-936,13661.5,2131.5,159.431,0
795,15980,-401,14196.5,360.5,171.188,0
796,16339,-38,14559.5,723.5,179.165,0
797,177,177,14775.5,939.5,183.89,0
798,308,308,14906.5,1070.5,186.768,0
799,521,521,15119.5,1286.5,191.515,0
800,627,627,15225.5,1388.5,193.757,0
801,841,841,15439.5,1606.5,198.547,0
802,1085,1085,15683.5,1850.5,203.909,0
803,1443,1443,16041.5,2212.5,211.864,0
804,2135,2135,349.5,359.5,227.137,0
805,2951,2951,1165.5,1174.5,245.047,0
806,3708,3708,1922.5,1928.5,261.616,0
807,4295,4295,2511.5,205.5,274.428,0
808,4774,4774,2995.5,689.5,285.064,0
809,4968,4968,3179.5,873.5,289.108,0
810,4833,4833,3046.5,740.5,286.185,0
811,4782,4782,2994.5,688.5,285.042,0
812,4788,4788,3004.5,698.5,285.262,0
813,4726,4726,2938.5,632.5,283.812,0
814,4541,4541,2753.5,447.5,279.746,0
815,4286,4286,2497.5,191.5,274.12,0
816,4242,4244,2458.5,152.5,273.329,0
817,4522,4522,2736.5,432.5,279.416,0
818,4780,4780,2994.5,691.5,285.108,0
819,4914,4914,3128.5,822.5,287.987,0
820,4741,4741,2952.5,646.5,284.119,0
821,4281,4281,2495.5,181.5,273.901,0
822,3945,3943,2157.5,2157.5,266.605,0
823,3774,3774,1983.5,1983.5,262.825,0
824,3602,3602,1816.5,1816.5,259.133,0
825,3541,3541,1755.5,1755.5,257.815,0
826,3695,3695,1909.5,1912.5,261.265,0
827,4076,4083,2297.5,2297.5,269.725,0
828,4800,4812,3026.5,720.5,286.031,0
829,5641,5649,3863.5,1568.5,304.38,0
830,6420,6420,4634.5,31.5,321.279,0
831,6862,6862,5076.5,466.5,330.839,0
832,7067,7067,5287.5,675.5,335.432,0
833,7131,7131,5345.5,731.5,336.662,0
834,7185,7185,5403.5,791.5,337.981,0
835,7407,7407,5623.5,1011.5,342.815,0
836,7539,7539,5753.5,1141.5,345.672,0
837,7689,7689,5910.5,1298.5,349.122,0
838,7685,7685,5899.5,1287.5,348.771,0
839,7263,7254,5468.5,856.5,339.211,0
840,6874,6873,5087.5,475.5,330.993,0
841,6831,6832,5046.5,434.5,330.157,0
842,6856,6858,5072.5,460.5,330.729,0
843,6721,6716,4930.5,318.5,327.476,0
844,6547,6547,4761.5,149.5,323.873,0
845,6594,6594,4808.5,194.5,324.861,0
846,6821,6821,5035.5,429.5,330.026,0
847,7311,7311,5531.5,919.5,340.794,0
848,7754,7754,5970.5,1358.5,350.441,0
849,8267,-8116,6489.5,1877.5,1.82395,0
850,9140,-7231,7366.5,448.5,21.0963,0
851,9911,-6467,8130.5,1212.5,37.8855,0
852,10261,-6121,8476.5,1558.5,45.489,0
853,10293,-6090,8507.5,1589.5,46.1702,0
854,10257,-6126,8471.5,1553.5,45.3791,0
855,10401,-5980,8617.5,1699.5,48.6094,0
856,10720,-5663,8939.5,2021.5,55.6635,0
857,11258,-5117,9480.5,256.5,67.706,0
858,12070,-4313,10284.5,1060.5,85.4621,0
859,12911,-3472,11125.5,1911.5,103.921,0
860,13661,-2722,11875.5,354.5,120.381,0
861,14167,-2216,12381.5,851.5,131.303,0
862,14320,-2063,12534.5,1000.5,134.577,0
863,14051,-2332,12265.5,729.5,128.622,0
864,13873,-2510,12087.5,557.5,124.842,0
865,14095,-2288,12310.5,780.5,129.742,0
866,14323,-2060,12537.5,1009.5,134.775,0
867,14483,-1900,12699.5,1169.5,138.291,0
868,14338,-2045,12548.5,1018.5,134.973,0
869,13762,-2621,11968.5,438.5,122.227,0
870,13267,-3116,11477.5,2253.5,111.437,0
871,12874,-3509,11085.5,1861.5,102.823,0
872,12549,-3834,10760.5,1536.5,95.6806,0
873,12575,-3803,10794.5,1570.5,96.5377,0
874,12866,-3515,11082.5,1858.5,102.779,0
875,13316,-3062,11535.5,5.5,112.887,0
876,14061,-2322,12275.5,754.5,129.171,0
877,14957,-1426,13182.5,1652.5,148.905,0
878,15755,-628,13978.5,142.5,166.397,0
879,16247,-136,14466.5,630.5,177.121,0
880,78,78,14676.5,840.5,181.714,0
881,74,74,14672.5,836.5,181.626,0
882,69,69,14672.5,836.5,181.626,0
883,320,320,14921.5,1085.5,187.098,0
884,568,568,15168.5,1332.5,192.526,0
885,885,885,15488.5,1652.5,199.558,0
886,1304,1311,15909.5,2073.5,208.92,0
887,1933,1944,158.5,158.5,222.896,0
888,2768,2778,992.5,992.5,241.245,0
889,3624,3631,1845.5,1845.5,260.012,0
890,4392,4392,2606.5,300.5,276.691,0
891,4949,4949,3163.5,857.5,288.866,0
892,5055,5055,3269.5,963.5,291.041,0
893,4608,4608,2822.5,508.5,281.087,0
894,4215,4215,2429.5,122.5,272.604,0
895,4205,4205,2419.5,114.5,272.428,0
896,4286,4286,2500.5,196.5,274.23,0
897,4256,4256,2468.5,162.5,273.483,0
898,4294,4294,2510.5,204.5,274.406,0
899,4522,4522,2738.5,432.5,279.416,0
900,4773,4773,2994.5,688.5,285.042,0
901,5145,5149,3363.5,1057.5,293.261,0
902,5376,5381,3595.5,1289.5,298.315,0
903,5775,5784,3998.5,1692.5,307.259,0
904,6546,6546,4769.5,157.5,324.048,0
905,7306,7312,5526.5,914.5,340.816,0
906,7701,7701,5915.5,1303.5,349.232,0
907,7754,7754,5969.5,1357.5,350.419,0
908,7657,7657,5871.5,1254.5,348.155,0
909,7609,7611,5825.5,1213.5,347.342,0
910,7454,7454,5662.5,1050.5,343.672,0
911,6856,6856,5070.5,449.5,330.465,0
912,6342,6338,4552.5,2246.5,319.17,0
913,5990,5988,4202.5,1896.5,311.588,0
914,5717,5717,3931.5,1623.5,305.589,0
915,5823,5823,4041.5,1735.5,308.05,0
916,6320,6325,4539.5,2233.5,319.236,0
917,6923,6923,5137.5,531.5,332.267,0
918,7522,7522,5736.5,1131.5,345.452,0
919,8024,8024,6238.5,1632.5,356.462,0
920,8451,-7932,6665.5,2059.5,5.82346,0
921,8835,-7548,7049.5,132.5,14.1521,0
922,9183,-7200,7401.5,483.5,21.8655,0
923,9389,-6994,7603.5,685.5,26.3045,0
924,9509,-6874,7725.5,807.5,28.9855,0
925,9792,-6591,8012.5,1094.5,35.2924,0
926,10080,-6299,8298.5,1380.5,41.6213,0
927,10507,-5870,8727.5,1809.5,51.1366,0
928,11208,-5164,9433.5,209.5,66.7391,0
929,11959,-4424,10173.5,955.5,82.913,0
930,12319,-4064,10533.5,1311.5,90.7362,0
931,12513,-3870,10727.5,1507.5,95.0433,0
932,12759,-3624,10973.5,1751.5,100.405,0
933,13144,-3239,11358.5,2138.5,108.91,0
934,13743,-2640,11957.5,438.5,122.227,0
935,14351,-2027,12570.5,1040.5,135.566,0
936,14570,-1813,12784.5,1254.5,140.203,0
937,14496,-1887,12710.5,1178.5,138.489,0
938,14323,-2060,12537.5,1004.5,134.665,0
939,14101,-2282,12315.5,779.5,129.72,0
940,13844,-2539,12058.5,530.5,124.249,0
941,13689,-2694,11903.5,370.5,120.733,0
942,13728,-2655,11942.5,413.5,121.677,0
943,14060,-2323,12274.5,749.5,129.061,0
944,14403,-1980,12617.5,1090.5,136.555,0
945,14693,-1690,12907.5,1379.5,142.906,0
946,14801,-1582,13014.5,1484.5,145.213,0
947,14636,-1747,12847.5,1317.5,141.543,0
948,14252,-2131,12461.5,931.5,133.061,0
949,13903,-2485,12112.5,582.5,125.391,0
950,13721,-2666,11931.5,401.5,121.414,0
951,13436,-2952,11645.5,115.5,115.129,0
952,13158,-3225,11372.5,2148.5,109.13,0
953,13217,-3163,11434.5,2210.5,110.492,0
954,13418,-2960,11637.5,107.5,115.019,0
955,13647,-2736,11861.5,335.5,119.963,0
956,13843,-2540,12057.5,529.5,124.227,0
957,13900,-2483,12114.5,583.5,125.413,0
958,13916,-2467,12133.5,603.5,125.853,0
959,13947,-2436,12158.5,628.5,126.402,0
960,14096,-2287,12312.5,782.5,129.786,0
961,14472,-1911,12690.5,1160.5,138.093,0
962,14690,-1693,12905.5,1375.5,142.818,0
963,14952,-1431,13170.5,1640.5,148.641,0
964,15393,-990,13614.5,2084.5,158.398,0
965,16039,-335,14262.5,426.5,172.814,0
966,451,461,15059.5,1223.5,190.372,0
967,1257,1265,15863.5,2027.5,207.997,0
968,1999,2007,221.5,221.5,224.346,0
969,2480,2484,698.5,698.5,234.675,0
970,2592,2592,806.5,806.5,236.894,0
971,2295,2288,502.5,502.5,230.17,0
972,1975,1973,187.5,187.5,223.313,0
973,1939,1939,153.5,153.5,222.632,0
974,1936,1936,150.5,150.5,222.544,0
975,1762,1762,16360.5,215.5,218.655,0
976,1643,1643,16241.5,103.5,216.193,0
977,1902,1902,116.5,118.5,221.841,0
978,2345,2345,559.5,569.5,231.752,0
979,2936,2936,1150.5,1155.5,244.629,0
980,3481,3481,1695.5,1701.5,256.628,0
981,4016,4016,2230.5,2238.5,268.429,0
982,4644,4644,2858.5,562.5,282.273,0
983,5110,5110,3324.5,1021.5,292.36,0
984,5124,5124,3337.5,1031.5,292.58,0
985,4931,4930,3144.5,838.5,288.272,0
986,4710,4706,2920.5,614.5,283.306,0
987,4388,4380,2594.5,288.5,276.12,0
988,4119,4119,2333.5,27.5,270.516,0
989,4198,4198,2412.5,106.5,272.252,0
990,4571,4571,2785.5,486.5,280.603,0
991,5152,5157,3371.5,1065.5,293.481,0
992,5618,5618,3837.5,1531.5,303.567,0
993,6244,6252,4466.5,2160.5,317.61,0
994,7043,7043,5268.5,656.5,335.014,0
995,7720,7720,5940.5,1328.5,349.781,0
996,7918,7918,6132.5,1520.5,354.001,0
997,7771,7771,5985.5,1370.5,350.704,0
998,7556,7556,5767.5,1155.5,345.98,0
999,7379,7379,5593.5,981.5,342.156,0
